{"accuracy": [0.6286845803260803, 0.740574300289154, 0.7587020993232727, 0.7790387868881226, 0.7857415080070496, 0.7926726937294006, 0.8004417419433594, 0.8146088719367981, 0.8130093812942505, 0.8165892362594604, 0.825348436832428, 0.8296138048171997, 0.8289283514022827, 0.8386777639389038, 0.8315941691398621, 0.8405057787895203, 0.8366212248802185], "loss": [1.1827718019485474, 0.786525309085846, 0.707634687423706, 0.644630491733551, 0.6072063446044922, 0.5856946110725403, 0.5722578763961792, 0.5422136187553406, 0.526250422000885, 0.5167450904846191, 0.4893794655799866, 0.4824120104312897, 0.48293957114219666, 0.4637013077735901, 0.46230241656303406, 0.4546346366405487, 0.45374855399131775], "val_accuracy": [0.7683150172233582, 0.7747252583503723, 0.7860195636749268, 0.7936508059501648, 0.7954822778701782, 0.797924280166626, 0.7985348105430603, 0.7948718070983887, 0.8049450516700745, 0.7982295751571655, 0.8040292859077454, 0.8070818185806274, 0.7994505763053894, 0.8055555820465088, 0.807692289352417, 0.8006715774536133, 0.8049450516700745], "val_loss": [0.6873288154602051, 0.6654514074325562, 0.6201357841491699, 0.6272611618041992, 0.5888659358024597, 0.6031230092048645, 0.5814717411994934, 0.6196732521057129, 0.5962570905685425, 0.6121059656143188, 0.5945637226104736, 0.5711084604263306, 0.5954411625862122, 0.5883724093437195, 0.5725106000900269, 0.5848608613014221, 0.5813693404197693], "learning_rate": [0.0003000000142492354, 0.0003000000142492354, 0.0003000000142492354, 0.0003000000142492354, 0.0003000000142492354, 0.0003000000142492354, 0.0003000000142492354, 0.0003000000142492354, 0.0003000000142492354, 0.0003000000142492354, 9.000000136438757e-05, 9.000000136438757e-05, 9.000000136438757e-05, 9.000000136438757e-05, 9.000000136438757e-05, 2.700000004551839e-05, 2.700000004551839e-05]}